TDSFU Daily run: Tue Oct 21 21:46:11 UTC 2025 TDSFU
TDSFU Daily run: Wed Oct 22 04:38:26 UTC 2025 TDSFU
TDSFU Daily run: Thu Oct 23 04:36:17 UTC 2025 TDSFU
TDSFU Daily run: Fri Oct 24 04:35:33 UTC 2025 TDSFU
TDSFU Daily run: Sat Oct 25 04:34:43 UTC 2025 TDSFU
TDSFU Daily run: Sun Oct 26 04:34:59 UTC 2025 TDSFU
TDSFU Daily run: Mon Oct 27 04:44:03 UTC 2025 TDSFU
TDSFU Daily run: Tue Oct 28 04:37:52 UTC 2025 TDSFU
TDSFU Daily run: Wed Oct 29 04:42:15 UTC 2025 TDSFU
TDSFU Daily run: Thu Oct 30 04:37:05 UTC 2025 TDSFU
TDSFU Daily run: Fri Oct 31 04:39:46 UTC 2025 TDSFU
TDSFU Daily run: Sat Nov  1 04:34:11 UTC 2025 TDSFU
TDSFU Daily run: Sun Nov  2 04:37:05 UTC 2025 TDSFU
